"S.No","Name","Phone","Email","Gender","Height (cm)","Weight (kg)","Joining Date","Plan","Plan Amount","Status","Membership End","Next Due Date"
"1","Adhithya","7396779062","-","Male","-","82","06/11/2025","Monthly","1000","Active","02/12/2025","06/12/2025"
"2","Akil","8317568060","-","Male","185","98","06/11/2025","Monthly","1000","Active","04/12/2025","06/12/2025"
"3","Anugrah","9895560074","-","Male","167","65","15/11/2025","Monthly","1000","Active","06/12/2025","15/12/2025"
"4","Bala Subramanyam","8150864056","-","Male","175","86","29/11/2025","Quarterly","2700","Active","03/12/2025","28/02/2026"
"5","Balakrishna","9177176063","-","Male","170","78","01/11/2025","Quarterly","2700","Active","05/12/2025","01/02/2026"
"6","Bhaskar","8919599066","-","Male","175","66","07/11/2025","Monthly","1000","Active","01/12/2025","07/12/2025"
"7","BR Pavan","9573512058","-","Male","175","78","01/11/2025","Quarterly","2700","Active","03/12/2025","01/02/2026"
"8","Dilly Raj","9550000057","-","Male","179","72","30/11/2025","Quarterly","2700","Active","01/12/2025","28/02/2026"
"9","Hemanth B","7386875064","-","Male","176","73","07/11/2025","Monthly","1000","Active","05/12/2025","07/12/2025"
"10","Jaya Krishna","9380533051","-","Male","160","51","23/11/2025","Monthly","1000","Active","03/12/2025","23/12/2025"
"11","Jeevan","9110306053","-","Male","-","90","26/11/2025","Monthly","1000","Active","02/12/2025","26/12/2025"
"12","Karthik S","9989416065","-","Male","178","93","10/11/2025","Monthly","1000","Active","02/12/2025","10/12/2025"
"13","Kumaresh","9966420075","-","Male","170","84","16/11/2025","Monthly","1000","Active","07/12/2025","16/12/2025"
"14","Madhan","9182793054","-","Male","-","70","10/11/2025","Quarterly","2700","Active","02/12/2025","10/02/2026"
"15","Mohan","7799044072","-","Male","-","77","15/11/2025","Quarterly","2700","Active","05/12/2025","15/02/2026"
"16","Mohan Ram","8096108095","-","Male","175","51","10/11/2025","Monthly","1000","Active","09/12/2025","10/12/2025"
"17","Naveen Prasad","9686725078","-","Male","184","80","23/11/2025","Monthly","1000","Active","08/12/2025","23/12/2025"
"18","Nithin","6281496080","-","Male","174","82","27/11/2025","Monthly","1000","Active","10/12/2025","27/12/2025"
"19","Panidra","9703999061","-","Male","185","91","01/11/2025","Quarterly","2700","Active","04/12/2025","01/02/2026"
"20","Punith","9666096059","-","Male","-","82","04/11/2025","Monthly","1000","Active","04/12/2025","04/12/2025"
"21","Raja Shekar","8790791052","-","Male","165","61","23/11/2025","Monthly","1000","Active","03/12/2025","23/12/2025"
"22","Sherli","9100795068","-","Female","170","72","09/11/2025","Quarterly","2700","Active","01/12/2025","09/02/2026"
"23","Suresh K","9035555070","-","Male","-","87","11/11/2025","Quarterly","2700","Active","01/12/2025","11/02/2026"
"24","Test Member E2E","9876543210","-","Male","-","-","04/12/2025","Monthly","1000","Active","04/12/2025","04/12/2025"
"25","test phto","9000933347","-","-","170","70","04/12/2025","Monthly","1000","Active","03/01/2026","04/01/2026"
"26","Vijay K","6300228073","-","Male","175","68","15/11/2025","Quarterly","2700","Active","06/12/2025","15/02/2026"
"27","Vijay M","9182474067","-","Male","166","64","06/11/2025","Monthly","1000","Active","01/12/2025","06/12/2025"
"28","Yogesh K","7416540055","-","Male","178","83","05/11/2025","Monthly","1000","Active","02/12/2025","05/12/2025"